{
  "w1_psnr": 26.56516014973151,
  "w1_ssim": 0.979956002208929,
  "w1_nrmse": 0.05083065432829046,
  "w2_nll_before": 552067.7169611199,
  "w2_nll_after": 2048.217664186749,
  "w2_nll_decrease_pct": 99.62899158902803,
  "w2_psnr_corrected": 26.71392425695292
}