{
  "w1_psnr": 23.050101621748663,
  "w1_ssim": 0.9472278760063908,
  "w1_nrmse": 0.07618660597443873,
  "w2_nll_before": 55190.58689614825,
  "w2_nll_after": 2048.0895872533415,
  "w2_nll_decrease_pct": 96.28905996033849,
  "w2_psnr_corrected": 23.58173808313172
}