{
  "w1_psnr": 24.986772218850383,
  "w1_ssim": 0.8414485598794853,
  "w1_nrmse": 0.060241811367704255,
  "w2_nll_before": 8602.051067872564,
  "w2_nll_after": 8192.744868913933,
  "w2_nll_decrease_pct": 4.758239584130482,
  "w2_psnr_corrected": 25.13493582256028
}