{
  "w1_psnr": 10.641812961060674,
  "w1_ssim": 0.6226196002511233,
  "w1_nrmse": 0.3179018532655605,
  "w2_nll_before": 106396960.78287128,
  "w2_nll_after": 1024.1967203094457,
  "w2_nll_decrease_pct": 99.99903738160117,
  "w2_psnr_corrected": 10.64322618237848
}