{
  "w1_psnr": 23.889969133986682,
  "w1_ssim": 0.9160926481659507,
  "w1_nrmse": 0.0674955717620058,
  "w2_nll_before": 4292.9474443352665,
  "w2_nll_after": 2048.038289244936,
  "w2_nll_decrease_pct": 52.292956860037656,
  "w2_psnr_corrected": 24.530625463462826
}