{
  "w1_psnr": 26.69481246397378,
  "w1_ssim": 0.9772125985814395,
  "w1_nrmse": 0.05007755130601271,
  "w2_nll_before": 10698.025708362386,
  "w2_nll_after": 2048.2896905452485,
  "w2_nll_decrease_pct": 80.85357292659941,
  "w2_psnr_corrected": 29.053459102170322
}