{
  "w1_psnr": 75.13328071550264,
  "w1_ssim": 0.9999996910025513,
  "w1_nrmse": 0.00018954820322572197,
  "w2_nll_before": 16841762012.897526,
  "w2_nll_after": 2048.158418182326,
  "w2_nll_decrease_pct": 99.99998783881155,
  "w2_psnr_corrected": 10.06191559446098
}