{
  "w1_psnr": 8.805945634875362,
  "w1_ssim": 0.4249192653557141,
  "w1_nrmse": 0.3927230808069335,
  "w2_nll_before": 217.20796045958946,
  "w2_nll_after": 32.069859991694166,
  "w2_nll_decrease_pct": 85.23541221793229,
  "w2_psnr_corrected": 9.512261956541602
}