{
  "w1_psnr": 9.111733738091864,
  "w1_ssim": 0.09603530061731583,
  "w1_nrmse": 0.37913774340111417,
  "w2_nll_before": 121584050.68765189,
  "w2_nll_after": 2048.0135792921374,
  "w2_nll_decrease_pct": 99.99831555737146,
  "w2_psnr_corrected": 9.111385326208447
}