{
  "w1_psnr": 49.11311238130314,
  "w1_ssim": 0.999875829667858,
  "w1_nrmse": 0.0037907757061302243,
  "w2_nll_before": 13980762967.973618,
  "w2_nll_after": 2048.10288017339,
  "w2_nll_decrease_pct": 99.9999853505643,
  "w2_psnr_corrected": 51.2322220032689
}