{
  "w1_psnr": 29.367071533277574,
  "w1_ssim": 0.9944095689939809,
  "w1_nrmse": 0.03401311624409097,
  "w2_nll_before": 943026991.6386449,
  "w2_nll_after": 8234.952932023923,
  "w2_nll_decrease_pct": 99.99912675321015,
  "w2_psnr_corrected": 29.23398009810095,
  "w2_ssim_corrected": 0.9942331613784271
}