{
  "w1_psnr": 24.457376262618684,
  "w1_ssim": 0.9675705263824543,
  "w1_nrmse": 0.06479103157360724,
  "w2_nll_before": 46809.97777803311,
  "w2_nll_after": 2048.4108172765514,
  "w2_nll_decrease_pct": 95.62398677694348,
  "w2_psnr_corrected": 24.284718035407778
}