{
  "w1_psnr": 35.923080490098656,
  "w1_ssim": 0.997379664648991,
  "w1_nrmse": 0.01730731440963027,
  "w2_nll_before": 64509.59495920423,
  "w2_nll_after": 2048.0357445524114,
  "w2_nll_decrease_pct": 96.82522306046475,
  "w2_psnr_corrected": 35.42149371045718
}