{
  "w1_psnr": 23.34053252256748,
  "w1_ssim": 0.9334595906596928,
  "w1_nrmse": 0.0718702001791126,
  "w2_nll_before": 17041.986507754173,
  "w2_nll_after": 2048.1826465981517,
  "w2_nll_decrease_pct": 87.98154988758957,
  "w2_psnr_corrected": 14.039773479663086
}