{
  "w1_psnr": 10.600716922621597,
  "w1_ssim": -0.003940227870853481,
  "w1_nrmse": 0.31940952404497436,
  "w2_nll_before": 104027.2915833684,
  "w2_nll_after": 2048.089725476659,
  "w2_nll_decrease_pct": 98.03119960704225,
  "w2_psnr_corrected": 2.9481197184322827
}