{
  "w1_psnr": 1.9200159764315976,
  "w1_ssim": 0.006480978899254498,
  "w1_nrmse": 0.8677265961579937,
  "w2_nll_before": 47256305.1641996,
  "w2_nll_after": 2048.089725476659,
  "w2_nll_decrease_pct": 99.99566599691117,
  "w2_psnr_corrected": 1.8940328828134898
}