{
  "w1_psnr": 17.12818201103957,
  "w1_ssim": 0.8210580617639004,
  "w1_nrmse": 0.15065189788993602,
  "w2_nll_before": 11477.73832019572,
  "w2_nll_after": 2048.3474007824825,
  "w2_nll_decrease_pct": 82.15373670631345,
  "w2_psnr_corrected": 17.241722370129068
}