{
  "w1_psnr": 23.759418191941478,
  "w1_ssim": 0.9548312220294799,
  "w1_nrmse": 0.07021223507000707,
  "w2_nll_before": 57462.0365104354,
  "w2_nll_after": 2048.198165120145,
  "w2_nll_decrease_pct": 96.43556286984682,
  "w2_psnr_corrected": 24.114550574198155
}