{
  "w1_psnr": 22.734181202939666,
  "w1_ssim": 0.9548229279990035,
  "w1_nrmse": 0.07900865117177383,
  "w2_nll_before": 165364987.80444515,
  "w2_nll_after": 9708.828148912113,
  "w2_nll_decrease_pct": 99.99412884899166,
  "w2_psnr_corrected": 22.714851193223517
}