{
  "w1_psnr": 36.28102693706299,
  "w1_ssim": 0.9976114320892373,
  "w1_nrmse": 0.01660857457644178,
  "w2_nll_before": 82244.27373906858,
  "w2_nll_after": 2048.0897254766596,
  "w2_nll_decrease_pct": 97.50974793458022,
  "w2_psnr_corrected": 38.386148900103805
}