{
  "w1_psnr": 10.532703724945415,
  "w1_ssim": -0.008291487858302077,
  "w1_nrmse": 0.32192041694144685,
  "w2_nll_before": 1024.1967203094578,
  "w2_nll_after": 1024.1967203094578,
  "w2_nll_decrease_pct": 0.0,
  "w2_psnr_corrected": 10.885698589396933
}