{
  "w1_psnr": 10.407268537711436,
  "w1_ssim": -0.0058669032531972,
  "w1_nrmse": 0.32660308367972357,
  "w2_nll_before": 600.3497667936983,
  "w2_nll_after": 424.6280642818785,
  "w2_nll_decrease_pct": 29.26988769401884,
  "w2_psnr_corrected": 10.418107330863078
}