{
  "w1_psnr": 10.651272093929977,
  "w1_ssim": 0.6226404721332963,
  "w1_nrmse": 0.3175558393048004,
  "w2_nll_before": 133491935.15638925,
  "w2_nll_after": 1997.0211338428173,
  "w2_nll_decrease_pct": 99.99850401364584,
  "w2_psnr_corrected": 10.653412085556953
}