{
  "w1_psnr": 30.143216025419896,
  "w1_ssim": 0.9905986037587073,
  "w1_nrmse": 0.033668433203546046,
  "w2_nll_before": 3261.892454122594,
  "w2_nll_after": 1998.3251248020692,
  "w2_nll_decrease_pct": 38.73724676984813,
  "w2_psnr_corrected": 30.59517541069036
}