{
  "w1_psnr": 76.92454982537734,
  "w1_ssim": 0.9999997954487615,
  "w1_nrmse": 0.00015422551051141837,
  "w2_nll_before": 25448981813.763855,
  "w2_nll_after": 2048.1605285360583,
  "w2_nll_decrease_pct": 99.99999195189598,
  "w2_psnr_corrected": 10.06191559446098
}