{
  "w1_psnr": 59.6533481942848,
  "w1_ssim": 0.9999890922792573,
  "w1_nrmse": 0.001126461357300583,
  "w2_nll_before": 19078073641.16324,
  "w2_nll_after": 2048.10159999593,
  "w2_nll_decrease_pct": 99.99998926463101,
  "w2_psnr_corrected": 1.914769156851107
}