{
  "w1_psnr": 23.889969133986682,
  "w1_ssim": 0.9160926481659507,
  "w1_nrmse": 0.0674955717620058,
  "w2_nll_before": 2081.0440072476754,
  "w2_nll_after": 2047.4364108541038,
  "w2_nll_decrease_pct": 1.6149392457115774,
  "w2_psnr_corrected": 22.572941687371156
}