{
  "w1_psnr": 5.829174151989945,
  "w1_ssim": 0.11727579615720742,
  "w1_nrmse": 0.5679351952248805,
  "w2_nll_before": 2317467.2374207475,
  "w2_nll_after": 1997.0211338428173,
  "w2_nll_decrease_pct": 99.91382742756417,
  "w2_psnr_corrected": 5.811710379745457,
  "w2_ssim_corrected": 0.11572988513617567
}