{
  "w1_psnr": 10.100635358233836,
  "w1_ssim": 0.00027227404816832033,
  "w1_nrmse": 0.3383389053404423,
  "w2_nll_before": 96431598809.84349,
  "w2_nll_after": 2048.1737205022373,
  "w2_nll_decrease_pct": 99.99999787603467,
  "w2_psnr_corrected": 10.1006347473661
}