{
  "w1_psnr": 10.307027586040006,
  "w1_ssim": 0.5827005857880991,
  "w1_nrmse": 0.3303941343482197,
  "w2_nll_before": 3193209.76062349,
  "w2_nll_after": 26.99150806113824,
  "w2_nll_decrease_pct": 99.99915472173504,
  "w2_psnr_corrected": 10.296273108213377
}