{
  "w1_psnr": 22.891710901884878,
  "w1_ssim": 0.9561698702822171,
  "w1_nrmse": 0.07758864414554852,
  "w2_nll_before": 2066595.345639912,
  "w2_nll_after": 9708.828148912093,
  "w2_nll_decrease_pct": 99.53020177997615,
  "w2_psnr_corrected": 22.699617995345093
}