{
  "w1_psnr": 15.882465639187505,
  "w1_ssim": 0.46119972587771874,
  "w1_nrmse": 0.1710861967572189,
  "w2_nll_before": 39455.255345448655,
  "w2_nll_after": 2048.3413792033007,
  "w2_nll_decrease_pct": 94.80844475274803,
  "w2_psnr_corrected": 14.007225299603112
}