{
  "w1_psnr": 20.990956197208924,
  "w1_ssim": 0.9343120270551731,
  "w1_nrmse": 0.09656859169061115,
  "w2_nll_before": 78205.38505661661,
  "w2_nll_after": 1997.0211338428173,
  "w2_nll_decrease_pct": 97.44644037952492,
  "w2_psnr_corrected": 18.331589666147458
}