{
  "w1_psnr": 10.533356842446134,
  "w1_ssim": 0.6159769853866492,
  "w1_nrmse": 0.32189621171177263,
  "w2_nll_before": 89448782.67355414,
  "w2_nll_after": 1024.1177584598522,
  "w2_nll_decrease_pct": 99.99885507915496,
  "w2_psnr_corrected": 10.533061598521982
}