{
  "w1_psnr": 22.16787391486498,
  "w1_ssim": 0.9361876753831948,
  "w1_nrmse": 0.08433153628455696,
  "w2_nll_before": 26793.227596065186,
  "w2_nll_after": 2048.127857398084,
  "w2_nll_decrease_pct": 92.35580017355255,
  "w2_psnr_corrected": 23.328944435403063
}