{
  "num_scenes": 6,
  "scenarios": {
    "scenario_i": {
      "gap_tv": {
        "psnr": {
          "mean": 4.923695166905721,
          "std": 0.016742093395542848,
          "min": 4.894775867462158,
          "max": 4.940209865570068
        },
        "ssim": {
          "mean": 0.1678884634542006,
          "std": 0.01741770284761427
        }
      },
      "pnp_ffdnet": {
        "psnr": {
          "mean": 5.904670159022014,
          "std": 0.15161808010316358,
          "min": 5.7076096534729,
          "max": 6.057610988616943
        },
        "ssim": {
          "mean": 0.2870434232611557,
          "std": 0.016922128996643603
        }
      },
      "elp_unfolding": {
        "psnr": {
          "mean": 4.7721859614054365,
          "std": 0.002342388831648767,
          "min": 4.76805305480957,
          "max": 4.775171279907227
        },
        "ssim": {
          "mean": 0.23242907226234744,
          "std": 0.026174346960469067
        }
      },
      "efficient_sci": {
        "psnr": {
          "mean": 4.77279806137085,
          "std": 0.0025843039311056596,
          "min": 4.768459320068359,
          "max": 4.777194023132324
        },
        "ssim": {
          "mean": 0.0012628897757759748,
          "std": 0.00017780002847609565
        }
      }
    },
    "scenario_ii": {
      "gap_tv": {
        "psnr": {
          "mean": 4.868572473526001,
          "std": 0.009592835112178847,
          "min": 4.852899551391602,
          "max": 4.881465435028076
        },
        "ssim": {
          "mean": 0.16930644333882183,
          "std": 0.015262259437417875
        }
      },
      "pnp_ffdnet": {
        "psnr": {
          "mean": 6.131711641947429,
          "std": 0.25665289703610555,
          "min": 5.76506233215332,
          "max": 6.383941650390625
        },
        "ssim": {
          "mean": 0.26203265107608215,
          "std": 0.0034866686245643742
        }
      },
      "elp_unfolding": {
        "psnr": {
          "mean": 4.794189850489299,
          "std": 0.0047061635592204505,
          "min": 4.789474964141846,
          "max": 4.801315784454346
        },
        "ssim": {
          "mean": 0.22825846873663555,
          "std": 0.022913868191386393
        }
      },
      "efficient_sci": {
        "psnr": {
          "mean": 4.77260176340739,
          "std": 0.0025871426055118253,
          "min": 4.768291473388672,
          "max": 4.7770256996154785
        },
        "ssim": {
          "mean": 0.0012453181001496184,
          "std": 0.00017292550953642135
        }
      }
    },
    "scenario_iv": {
      "gap_tv": {
        "psnr": {
          "mean": 4.894390344619751,
          "std": 0.01074100586447243,
          "min": 4.879184722900391,
          "max": 4.907578468322754
        },
        "ssim": {
          "mean": 0.18900906027373401,
          "std": 0.024050721007965608
        }
      },
      "pnp_ffdnet": {
        "psnr": {
          "mean": 5.332133690516154,
          "std": 0.12324977379539877,
          "min": 5.159189701080322,
          "max": 5.455158233642578
        },
        "ssim": {
          "mean": 0.2715281400697384,
          "std": 0.00402152286173891
        }
      },
      "elp_unfolding": {
        "psnr": {
          "mean": 4.7721859614054365,
          "std": 0.002342388831648767,
          "min": 4.76805305480957,
          "max": 4.775171279907227
        },
        "ssim": {
          "mean": 0.2324290569777104,
          "std": 0.026174320755801013
        }
      },
      "efficient_sci": {
        "psnr": {
          "mean": 4.772829532623291,
          "std": 0.0025837037910357817,
          "min": 4.768486976623535,
          "max": 4.777221202850342
        },
        "ssim": {
          "mean": 0.0012658050305739772,
          "std": 0.00017858355619849558
        }
      }
    }
  },
  "gaps": {
    "gap_tv": {
      "gap_i_ii": {
        "mean": 0.055122693379720054,
        "std": 0.007659475355696446
      },
      "gap_ii_iv": {
        "mean": 0.02581787109375,
        "std": 0.004828517804950887
      },
      "gap_iv_i": {
        "mean": 0.02930482228597005,
        "std": 0.007346495350179263
      }
    },
    "pnp_ffdnet": {
      "gap_i_ii": {
        "mean": -0.22704148292541504,
        "std": 0.10603801938703543
      },
      "gap_ii_iv": {
        "mean": -0.7995779514312744,
        "std": 0.13345054223033712
      },
      "gap_iv_i": {
        "mean": 0.5725364685058594,
        "std": 0.029460755588190328
      }
    },
    "elp_unfolding": {
      "gap_i_ii": {
        "mean": -0.022003889083862305,
        "std": 0.0041177491644361925
      },
      "gap_ii_iv": {
        "mean": -0.022003889083862305,
        "std": 0.0041177491644361925
      },
      "gap_iv_i": {
        "mean": 0.0,
        "std": 0.0
      }
    },
    "efficient_sci": {
      "gap_i_ii": {
        "mean": 0.00019629796346028647,
        "std": 3.096832089858662e-05
      },
      "gap_ii_iv": {
        "mean": 0.00022776921590169272,
        "std": 3.5649933951703244e-05
      },
      "gap_iv_i": {
        "mean": -3.147125244140625e-05,
        "std": 4.76837158203125e-06
      }
    }
  },
  "execution_time": {
    "total_seconds": 338.752512216568,
    "total_hours": 0.09409792006015777,
    "per_scene_avg_seconds": 56.458752036094666
  }
}