{
  "num_scenes": 10,
  "methods": [
    "gap_tv",
    "hdnet",
    "mst_s",
    "mst_l"
  ],
  "mismatch": {
    "dx": 1.5,
    "dy": 1.0,
    "theta": 0.3
  },
  "noise": {
    "alpha": 100000,
    "sigma": 0.01
  },
  "scenario_i": {
    "gap_tv": {
      "psnr_mean": 20.365274238586426,
      "psnr_std": 1.8422404148773055,
      "ssim_mean": 0.620222206292032,
      "ssim_std": 0.09164281964535201
    },
    "hdnet": {
      "psnr_mean": 6.281732797622681,
      "psnr_std": 0.41610232044337453,
      "ssim_mean": 0.06002234385566663,
      "ssim_std": 0.02505776859589942
    },
    "mst_s": {
      "psnr_mean": 33.98237342834473,
      "psnr_std": 2.4976932168756485,
      "ssim_mean": 0.96457981201276,
      "ssim_std": 0.011404129547143123
    },
    "mst_l": {
      "psnr_mean": 34.80836639404297,
      "psnr_std": 2.10600733068096,
      "ssim_mean": 0.9730330825433742,
      "ssim_std": 0.008641944815128194
    }
  },
  "scenario_ii": {
    "gap_tv": {
      "psnr_mean": 19.96599464416504,
      "psnr_std": 1.7856075049396027,
      "ssim_mean": 0.5609666329317446,
      "ssim_std": 0.09426801317863855
    },
    "hdnet": {
      "psnr_mean": 6.281277465820312,
      "psnr_std": 0.41489484983084773,
      "ssim_mean": 0.060896505079940634,
      "ssim_std": 0.025498734236960308
    },
    "mst_s": {
      "psnr_mean": 18.490242385864256,
      "psnr_std": 2.0867565203341436,
      "ssim_mean": 0.64631879675095,
      "ssim_std": 0.08661460915425968
    },
    "mst_l": {
      "psnr_mean": 18.401270389556885,
      "psnr_std": 1.964493673612987,
      "ssim_mean": 0.6332933928533918,
      "ssim_std": 0.08301392645831634
    }
  },
  "scenario_iii": {
    "gap_tv": {
      "psnr_mean": 20.348433876037596,
      "psnr_std": 1.8389406074547556,
      "ssim_mean": 0.6168719715197072,
      "ssim_std": 0.09168991050993716
    },
    "hdnet": {
      "psnr_mean": 6.279354190826416,
      "psnr_std": 0.4149229549221115,
      "ssim_mean": 0.06074247047731575,
      "ssim_std": 0.025464425080031994
    },
    "mst_s": {
      "psnr_mean": 31.422801208496093,
      "psnr_std": 2.4709814445258558,
      "ssim_mean": 0.9357093941427876,
      "ssim_std": 0.02301131035323571
    },
    "mst_l": {
      "psnr_mean": 32.374761772155765,
      "psnr_std": 2.3702966998713326,
      "ssim_mean": 0.941892014309486,
      "ssim_std": 0.02198408966549201
    }
  },
  "gaps": {
    "gap_tv": {
      "gap_i_ii_mean": 0.3992795944213867,
      "gap_i_ii_std": 0.2488481002932166,
      "gap_ii_iii_mean": 0.38243923187255857,
      "gap_ii_iii_std": 0.21122437552572199
    },
    "hdnet": {
      "gap_i_ii_mean": 0.00045533180236816405,
      "gap_i_ii_std": 0.0050050342180466495,
      "gap_ii_iii_mean": -0.0019232749938964844,
      "gap_ii_iii_std": 0.004336645066655157
    },
    "mst_s": {
      "gap_i_ii_mean": 15.49213104248047,
      "gap_i_ii_std": 2.3998432790524316,
      "gap_ii_iii_mean": 12.932558822631837,
      "gap_ii_iii_std": 1.4896406559431554
    },
    "mst_l": {
      "gap_i_ii_mean": 16.407096004486085,
      "gap_i_ii_std": 2.22983828780421,
      "gap_ii_iii_mean": 13.973491382598876,
      "gap_ii_iii_std": 1.895534193961999
    }
  }
}