{
  "num_scenes": 10,
  "scenarios": {
    "scenario_i": {
      "mst_s": {
        "psnr": {
          "mean": 18.728105545043945,
          "std": 2.17894171217818,
          "min": 15.25408935546875,
          "max": 23.869115829467773
        },
        "ssim": {
          "mean": 0.8639395818702713,
          "std": 0.18763761519621333
        },
        "sam": {
          "mean": 48.69421920776367,
          "std": 6.6867514258063085
        }
      },
      "mst_l": {
        "psnr": {
          "mean": 19.28529644012451,
          "std": 1.409852578534327,
          "min": 16.53447151184082,
          "max": 21.637969970703125
        },
        "ssim": {
          "mean": 0.9179186200812381,
          "std": 0.11282238918582482
        },
        "sam": {
          "mean": 48.749538803100585,
          "std": 5.532562608185726
        }
      }
    },
    "scenario_ii": {
      "mst_s": {
        "psnr": {
          "mean": 19.916849994659422,
          "std": 2.450501054731387,
          "min": 15.017367362976074,
          "max": 23.1068058013916
        },
        "ssim": {
          "mean": 0.8908015156172959,
          "std": 0.14738279546381958
        },
        "sam": {
          "mean": 48.84586868286133,
          "std": 7.002320811950719
        }
      },
      "mst_l": {
        "psnr": {
          "mean": 19.40268430709839,
          "std": 1.931683604346403,
          "min": 15.921807289123535,
          "max": 21.764366149902344
        },
        "ssim": {
          "mean": 0.7843748968539669,
          "std": 0.16465650086533745
        },
        "sam": {
          "mean": 46.72623977661133,
          "std": 5.00585801705409
        }
      }
    },
    "scenario_iv": {
      "mst_s": {
        "psnr": {
          "mean": 19.122621726989745,
          "std": 1.82022083912233,
          "min": 15.882759094238281,
          "max": 22.50650405883789
        },
        "ssim": {
          "mean": 0.7799451802138881,
          "std": 0.19775938741276353
        },
        "sam": {
          "mean": 47.103756713867185,
          "std": 2.8086980871888927
        }
      },
      "mst_l": {
        "psnr": {
          "mean": 19.267664527893068,
          "std": 1.6855508393573393,
          "min": 16.12421226501465,
          "max": 22.0931396484375
        },
        "ssim": {
          "mean": 0.8097823941441031,
          "std": 0.1240830864589022
        },
        "sam": {
          "mean": 48.198516082763675,
          "std": 4.230254281701773
        }
      }
    }
  },
  "gaps": {
    "mst_s": {
      "gap_i_ii": {
        "mean": -1.1887444496154784,
        "std": 2.088665102729098
      },
      "gap_ii_iv": {
        "mean": -0.7942282676696777,
        "std": 1.5200745556184736
      },
      "gap_iv_i": {
        "mean": -0.3945161819458008,
        "std": 1.453318692648817
      }
    },
    "mst_l": {
      "gap_i_ii": {
        "mean": -0.11738786697387696,
        "std": 1.3327291541336708
      },
      "gap_ii_iv": {
        "mean": -0.13501977920532227,
        "std": 1.5755775584195701
      },
      "gap_iv_i": {
        "mean": 0.017631912231445314,
        "std": 1.3471606609160465
      }
    }
  },
  "execution_time": {
    "total_seconds": 67.15721297264099,
    "total_hours": 0.018654781381289166,
    "per_scene_avg_seconds": 6.715721297264099
  }
}