{
  "num_scenes": 10,
  "methods": [
    "mst_s",
    "mst_l"
  ],
  "mismatch": {
    "dx": 0.5,
    "dy": 0.3,
    "theta": 0.1
  },
  "noise": {
    "alpha": 10000,
    "sigma": 0.05
  },
  "scenario_i": {
    "mst_s": {
      "psnr_mean": 33.98212322086681,
      "psnr_std": 2.497767395313001,
      "ssim_mean": 0.9590436050817042,
      "ssim_std": 0.013618269324811916
    },
    "mst_l": {
      "psnr_mean": 34.80805632699729,
      "psnr_std": 2.10613277924968,
      "ssim_mean": 0.9687483135703504,
      "ssim_std": 0.010189619996766488
    }
  },
  "scenario_ii": {
    "mst_s": {
      "psnr_mean": 23.768042447246252,
      "psnr_std": 1.5363344554864236,
      "ssim_mean": 0.7325352770861816,
      "ssim_std": 0.04440936817343404
    },
    "mst_l": {
      "psnr_mean": 23.127937498034974,
      "psnr_std": 1.705124770020865,
      "ssim_mean": 0.7383416311766462,
      "ssim_std": 0.061921403901146976
    }
  },
  "scenario_iv": {
    "mst_s": {
      "psnr_mean": 25.99712432039531,
      "psnr_std": 1.4999458077873142,
      "ssim_mean": 0.7747919197980988,
      "ssim_std": 0.046846561535652705
    },
    "mst_l": {
      "psnr_mean": 25.411719875337557,
      "psnr_std": 1.7746148096886565,
      "ssim_mean": 0.7841642594377513,
      "ssim_std": 0.05750772240219933
    }
  },
  "gaps": {
    "mst_s": {
      "gap_i_ii_mean": 10.214080773620566,
      "gap_i_ii_std": 2.7347754740517884,
      "gap_ii_iv_mean": 2.229081873149057,
      "gap_ii_iv_std": 0.8107335987890799
    },
    "mst_l": {
      "gap_i_ii_mean": 11.680118828962314,
      "gap_i_ii_std": 2.4635067559774617,
      "gap_ii_iv_mean": 2.2837823773025816,
      "gap_ii_iv_std": 0.49828848696998784
    }
  }
}