{
  "num_scenes": 10,
  "methods": [
    "gap_tv",
    "hdnet",
    "mst_s",
    "mst_l"
  ],
  "mismatch": {
    "dx": 1.5,
    "dy": 1.0,
    "theta": 0.3
  },
  "noise": {
    "alpha": 100000,
    "sigma": 0.01
  },
  "scenario_i": {
    "gap_tv": {
      "psnr_mean": 25.451154133559292,
      "psnr_std": 2.8096514133182318,
      "ssim_mean": 0.7548366571312265,
      "ssim_std": 0.08215661440619154
    },
    "hdnet": {
      "psnr_mean": 34.65770387140252,
      "psnr_std": 2.62433774566159,
      "ssim_mean": 0.9649885819078945,
      "ssim_std": 0.010718582766997234
    },
    "mst_s": {
      "psnr_mean": 33.98212322086681,
      "psnr_std": 2.497767395313001,
      "ssim_mean": 0.9590436050817042,
      "ssim_std": 0.013618269324811916
    },
    "mst_l": {
      "psnr_mean": 34.80805632699729,
      "psnr_std": 2.10613277924968,
      "ssim_mean": 0.9687483135703504,
      "ssim_std": 0.010189619996766488
    }
  },
  "scenario_ii": {
    "gap_tv": {
      "psnr_mean": 20.09918270346066,
      "psnr_std": 1.5391166852721325,
      "ssim_mean": 0.5978883550173959,
      "ssim_std": 0.08126403452250414
    },
    "hdnet": {
      "psnr_mean": 25.939166310074604,
      "psnr_std": 1.9727694777182754,
      "ssim_mean": 0.8357216999652655,
      "ssim_std": 0.0487070917754969
    },
    "mst_s": {
      "psnr_mean": 18.5354120070184,
      "psnr_std": 2.0423591234579472,
      "ssim_mean": 0.6564359373395023,
      "ssim_std": 0.0743348780459831
    },
    "mst_l": {
      "psnr_mean": 18.449572338211464,
      "psnr_std": 1.962813503545615,
      "ssim_mean": 0.651010961779342,
      "ssim_std": 0.07238232735633916
    }
  },
  "scenario_iii": {
    "gap_tv": {
      "psnr_mean": 24.075384415915188,
      "psnr_std": 2.0375194039564795,
      "ssim_mean": 0.7331030199609685,
      "ssim_std": 0.08423889836279043
    },
    "hdnet": {
      "psnr_mean": 25.939166310074604,
      "psnr_std": 1.9727694777182754,
      "ssim_mean": 0.8357216999652655,
      "ssim_std": 0.0487070917754969
    },
    "mst_s": {
      "psnr_mean": 31.08105554629291,
      "psnr_std": 1.9554045151163522,
      "ssim_mean": 0.9227348745606593,
      "ssim_std": 0.02013867080470153
    },
    "mst_l": {
      "psnr_mean": 32.12654375895989,
      "psnr_std": 1.3506034803093534,
      "ssim_mean": 0.9323249880759945,
      "ssim_std": 0.016701129080428465
    }
  },
  "gaps": {
    "gap_tv": {
      "gap_i_ii_mean": 5.351971430098634,
      "gap_i_ii_std": 2.412677201730504,
      "gap_ii_iii_mean": 3.976201712454528,
      "gap_ii_iii_std": 1.4335529342179476
    },
    "hdnet": {
      "gap_i_ii_mean": 8.71853756132792,
      "gap_i_ii_std": 3.203545626121945,
      "gap_ii_iii_mean": 0.0,
      "gap_ii_iii_std": 0.0
    },
    "mst_s": {
      "gap_i_ii_mean": 15.446711213848413,
      "gap_i_ii_std": 2.5610573385040705,
      "gap_ii_iii_mean": 12.545643539274504,
      "gap_ii_iii_std": 0.985551649071749
    },
    "mst_l": {
      "gap_i_ii_mean": 16.358483988785824,
      "gap_i_ii_std": 2.3944092874691494,
      "gap_ii_iii_mean": 13.676971420748421,
      "gap_ii_iii_std": 1.3891296293493962
    }
  }
}