{
  "num_images": 11,
  "image_size": 256,
  "block_size": 64,
  "blocks_per_image": 16,
  "sampling_rate": 0.25,
  "measurements_per_block": 1024,
  "scenarios": {
    "scenario_i": {
      "fista_tv": {
        "psnr": {
          "mean": 21.19326246879282,
          "std": 2.930153187915712,
          "min": 15.766123072492897,
          "max": 25.125264824867934
        },
        "ssim": {
          "mean": 0.6634662180241054,
          "std": 0.11555547980322088
        }
      },
      "ista_net_plus": {
        "psnr": {
          "mean": 23.304793807300396,
          "std": 3.8828965521699015,
          "min": 15.624809979212664,
          "max": 31.352505963558794
        },
        "ssim": {
          "mean": 0.7780577583697493,
          "std": 0.062645573505333
        }
      },
      "hatnet": {
        "psnr": {
          "mean": 23.720108383150805,
          "std": 4.42760703611459,
          "min": 15.686688082342581,
          "max": 31.564656980316443
        },
        "ssim": {
          "mean": 0.7862915132039646,
          "std": 0.074156894759451
        }
      }
    },
    "scenario_ii": {
      "fista_tv": {
        "psnr": {
          "mean": 18.555408609121784,
          "std": 2.0435088094089564,
          "min": 14.077302580060483,
          "max": 20.659765941001154
        },
        "ssim": {
          "mean": 0.5502148829993395,
          "std": 0.10456617449107411
        }
      },
      "ista_net_plus": {
        "psnr": {
          "mean": 18.880742756853422,
          "std": 2.0333235771700204,
          "min": 14.95989788793121,
          "max": 21.401402726661715
        },
        "ssim": {
          "mean": 0.6514590506320754,
          "std": 0.05913766351946484
        }
      },
      "hatnet": {
        "psnr": {
          "mean": 18.87578696501996,
          "std": 2.0730034745701973,
          "min": 14.525721586953544,
          "max": 21.459593870134363
        },
        "ssim": {
          "mean": 0.6565632682841845,
          "std": 0.059321606875208155
        }
      }
    },
    "scenario_iii": {
      "fista_tv": {
        "psnr": {
          "mean": 22.551741567101747,
          "std": 3.1443782193999077,
          "min": 16.747756635438805,
          "max": 27.049316780645047
        },
        "ssim": {
          "mean": 0.6951603125497019,
          "std": 0.11058893735880745
        }
      },
      "ista_net_plus": {
        "psnr": {
          "mean": 20.97089520756727,
          "std": 2.278979502600933,
          "min": 16.9460909452376,
          "max": 24.329128683477528
        },
        "ssim": {
          "mean": 0.7350810432725986,
          "std": 0.058098926469009805
        }
      },
      "hatnet": {
        "psnr": {
          "mean": 21.18717136897443,
          "std": 2.519118386888882,
          "min": 16.275384071609448,
          "max": 24.836476935833108
        },
        "ssim": {
          "mean": 0.7459102224370898,
          "std": 0.06080378223952857
        }
      }
    }
  },
  "gaps": {
    "fista_tv": {
      "gap_i_ii": {
        "mean": 2.6378538596710372,
        "std": 1.0916465418342984
      },
      "gap_ii_iii": {
        "mean": 3.9963329579799645,
        "std": 1.3556918059636585
      },
      "gap_iii_i": {
        "mean": -1.3584790983089272,
        "std": 0.7060831789695252
      }
    },
    "ista_net_plus": {
      "gap_i_ii": {
        "mean": 4.424051050446973,
        "std": 2.133948620273461
      },
      "gap_ii_iii": {
        "mean": 2.0901524507138487,
        "std": 0.7955858135481593
      },
      "gap_iii_i": {
        "mean": 2.333898599733124,
        "std": 2.1081292708116686
      }
    },
    "hatnet": {
      "gap_i_ii": {
        "mean": 4.844321418130844,
        "std": 2.5981068930285596
      },
      "gap_ii_iii": {
        "mean": 2.3113844039544684,
        "std": 0.9000644233992018
      },
      "gap_iii_i": {
        "mean": 2.532937014176375,
        "std": 2.6959296225979177
      }
    }
  },
  "execution_time": {
    "total_seconds": 1704.0258169174194,
    "total_minutes": 28.40043028195699,
    "per_image_seconds": 154.91143790158358
  }
}