{
  "num_images": 11,
  "scenarios": {
    "scenario_i": {
      "admm": {
        "psnr": {
          "mean": 7.112811348655007,
          "std": 1.332139890924303,
          "min": 4.200911521911621,
          "max": 9.111603736877441
        },
        "ssim": {
          "mean": 0.05163048390137217,
          "std": 0.018250498536923166
        }
      },
      "ista_net_plus": {
        "psnr": {
          "mean": 7.112811348655007,
          "std": 1.332139890924303,
          "min": 4.200911521911621,
          "max": 9.111603736877441
        },
        "ssim": {
          "mean": 0.05163048390137217,
          "std": 0.018250498536923166
        }
      },
      "hatnet": {
        "psnr": {
          "mean": 7.112811348655007,
          "std": 1.332139890924303,
          "min": 4.200911521911621,
          "max": 9.111603736877441
        },
        "ssim": {
          "mean": 0.05163048390137217,
          "std": 0.018250498536923166
        }
      }
    },
    "scenario_ii": {
      "admm": {
        "psnr": {
          "mean": 6.693301439285278,
          "std": 1.314038539072552,
          "min": 3.817718267440796,
          "max": 8.652426719665527
        },
        "ssim": {
          "mean": 0.03402329633525245,
          "std": 0.01180716480977157
        }
      },
      "ista_net_plus": {
        "psnr": {
          "mean": 6.693301439285278,
          "std": 1.314038539072552,
          "min": 3.817718267440796,
          "max": 8.652426719665527
        },
        "ssim": {
          "mean": 0.03402329633525245,
          "std": 0.01180716480977157
        }
      },
      "hatnet": {
        "psnr": {
          "mean": 6.693301439285278,
          "std": 1.314038539072552,
          "min": 3.817718267440796,
          "max": 8.652426719665527
        },
        "ssim": {
          "mean": 0.03402329633525245,
          "std": 0.01180716480977157
        }
      }
    },
    "scenario_iv": {
      "admm": {
        "psnr": {
          "mean": 7.087133971127597,
          "std": 1.2934645223933783,
          "min": 4.245617866516113,
          "max": 9.002840995788574
        },
        "ssim": {
          "mean": 0.045329474211944006,
          "std": 0.0146534398104772
        }
      },
      "ista_net_plus": {
        "psnr": {
          "mean": 7.087133971127597,
          "std": 1.2934645223933783,
          "min": 4.245617866516113,
          "max": 9.002840995788574
        },
        "ssim": {
          "mean": 0.045329474211944006,
          "std": 0.0146534398104772
        }
      },
      "hatnet": {
        "psnr": {
          "mean": 7.087133971127597,
          "std": 1.2934645223933783,
          "min": 4.245617866516113,
          "max": 9.002840995788574
        },
        "ssim": {
          "mean": 0.045329474211944006,
          "std": 0.0146534398104772
        }
      }
    }
  },
  "gaps": {
    "admm": {
      "gap_i_ii": {
        "mean": 0.41950990936972876,
        "std": 0.03460547656012047
      },
      "gap_ii_iv": {
        "mean": 0.3938325318423184,
        "std": 0.03383880151154858
      },
      "gap_iv_i": {
        "mean": 0.025677377527410335,
        "std": 0.0651603584985113
      }
    },
    "ista_net_plus": {
      "gap_i_ii": {
        "mean": 0.41950990936972876,
        "std": 0.03460547656012047
      },
      "gap_ii_iv": {
        "mean": 0.3938325318423184,
        "std": 0.03383880151154858
      },
      "gap_iv_i": {
        "mean": 0.025677377527410335,
        "std": 0.0651603584985113
      }
    },
    "hatnet": {
      "gap_i_ii": {
        "mean": 0.41950990936972876,
        "std": 0.03460547656012047
      },
      "gap_ii_iv": {
        "mean": 0.3938325318423184,
        "std": 0.03383880151154858
      },
      "gap_iv_i": {
        "mean": 0.025677377527410335,
        "std": 0.0651603584985113
      }
    }
  },
  "execution_time": {
    "total_seconds": 389.59312677383423,
    "total_hours": 0.10822031299273173,
    "per_image_avg_seconds": 35.417556979439475
  }
}