{
  "num_images": 11,
  "image_size": 256,
  "block_size": 64,
  "blocks_per_image": 16,
  "sampling_rate": 0.25,
  "measurements_per_block": 1024,
  "scenarios": {
    "scenario_i": {
      "admm_tv": {
        "psnr": {
          "mean": 25.024806395727982,
          "std": 4.035998368983454,
          "min": 16.75141666966472,
          "max": 31.14157321346203
        },
        "ssim": {
          "mean": 0.73972354574225,
          "std": 0.09555759444504172
        }
      },
      "pnp_fista": {
        "psnr": {
          "mean": 25.024806395727982,
          "std": 4.035998368983454,
          "min": 16.75141666966472,
          "max": 31.14157321346203
        },
        "ssim": {
          "mean": 0.73972354574225,
          "std": 0.09555759444504172
        }
      },
      "ista_net_plus": {
        "psnr": {
          "mean": 25.024806395727982,
          "std": 4.035998368983454,
          "min": 16.75141666966472,
          "max": 31.14157321346203
        },
        "ssim": {
          "mean": 0.73972354574225,
          "std": 0.09555759444504172
        }
      }
    },
    "scenario_ii": {
      "admm_tv": {
        "psnr": {
          "mean": 20.911182752692568,
          "std": 2.0392228348745998,
          "min": 16.13158238822248,
          "max": 22.452509527303782
        },
        "ssim": {
          "mean": 0.6047825327590837,
          "std": 0.06549882204254738
        }
      },
      "pnp_fista": {
        "psnr": {
          "mean": 20.911182752692568,
          "std": 2.0392228348745998,
          "min": 16.13158238822248,
          "max": 22.452509527303782
        },
        "ssim": {
          "mean": 0.6047825327590837,
          "std": 0.06549882204254738
        }
      },
      "ista_net_plus": {
        "psnr": {
          "mean": 20.911182752692568,
          "std": 2.0392228348745998,
          "min": 16.13158238822248,
          "max": 22.452509527303782
        },
        "ssim": {
          "mean": 0.6047825327590837,
          "std": 0.06549882204254738
        }
      }
    },
    "scenario_iv": {
      "admm_tv": {
        "psnr": {
          "mean": 26.549785401013086,
          "std": 3.6915355808521717,
          "min": 19.136219054538252,
          "max": 32.55514908504575
        },
        "ssim": {
          "mean": 0.8060829851707325,
          "std": 0.06405003893734129
        }
      },
      "pnp_fista": {
        "psnr": {
          "mean": 26.549785401013086,
          "std": 3.6915355808521717,
          "min": 19.136219054538252,
          "max": 32.55514908504575
        },
        "ssim": {
          "mean": 0.8060829851707325,
          "std": 0.06405003893734129
        }
      },
      "ista_net_plus": {
        "psnr": {
          "mean": 26.549785401013086,
          "std": 3.6915355808521717,
          "min": 19.136219054538252,
          "max": 32.55514908504575
        },
        "ssim": {
          "mean": 0.8060829851707325,
          "std": 0.06405003893734129
        }
      }
    }
  },
  "gaps": {
    "admm_tv": {
      "gap_i_ii": {
        "mean": 4.11362364303541,
        "std": 2.2777641166301614
      },
      "gap_ii_iv": {
        "mean": 5.638602648320512,
        "std": 2.0023071093840423
      },
      "gap_iv_i": {
        "mean": -1.524979005285101,
        "std": 0.5831689205007674
      }
    },
    "pnp_fista": {
      "gap_i_ii": {
        "mean": 4.11362364303541,
        "std": 2.2777641166301614
      },
      "gap_ii_iv": {
        "mean": 5.638602648320512,
        "std": 2.0023071093840423
      },
      "gap_iv_i": {
        "mean": -1.524979005285101,
        "std": 0.5831689205007674
      }
    },
    "ista_net_plus": {
      "gap_i_ii": {
        "mean": 4.11362364303541,
        "std": 2.2777641166301614
      },
      "gap_ii_iv": {
        "mean": 5.638602648320512,
        "std": 2.0023071093840423
      },
      "gap_iv_i": {
        "mean": -1.524979005285101,
        "std": 0.5831689205007674
      }
    }
  },
  "execution_time": {
    "total_seconds": 4161.753909826279,
    "total_minutes": 69.36256516377131,
    "per_image_seconds": 378.3412645296617
  }
}