{
  "num_images": 11,
  "sampling_rate": 0.15,
  "image_size": 33,
  "scenarios": {
    "scenario_i": {
      "admm": {
        "psnr": {
          "mean": 6.5564726482738145,
          "std": 3.9929368883397753
        },
        "ssim": {
          "mean": 0.890743311647245,
          "std": 1.264601869604865
        }
      },
      "fista": {
        "psnr": {
          "mean": 4.6126909039237285,
          "std": 2.109070243950369
        },
        "ssim": {
          "mean": 0.0,
          "std": 0.0
        }
      }
    },
    "scenario_ii": {
      "admm": {
        "psnr": {
          "mean": 6.5564726482738145,
          "std": 3.9929368883397753
        },
        "ssim": {
          "mean": 0.8907433116474731,
          "std": 1.2646018696047046
        }
      },
      "fista": {
        "psnr": {
          "mean": 4.52267971905795,
          "std": 1.905567720263392
        },
        "ssim": {
          "mean": 0.0,
          "std": 0.0
        }
      }
    },
    "scenario_iii": {
      "admm": {
        "psnr": {
          "mean": 6.5564726482738145,
          "std": 3.9929368883397753
        },
        "ssim": {
          "mean": 0.890743311647245,
          "std": 1.264601869604865
        }
      },
      "fista": {
        "psnr": {
          "mean": 4.601919260892001,
          "std": 2.0666339492199657
        },
        "ssim": {
          "mean": 0.0,
          "std": 0.0
        }
      }
    }
  }
}