{
  "methods": {
    "fista_tv_scenario_i": {
      "psnr_mean": 28.0618359990907,
      "psnr_std": 3.378269619725735,
      "ssim_mean": 0.851983541058814,
      "ssim_std": 0.04592395599531529
    },
    "fista_tv_scenario_ii": {
      "psnr_mean": 18.50901917365669,
      "psnr_std": 0.6899816511637147,
      "ssim_mean": 0.5863972372892055,
      "ssim_std": 0.05497825025997159
    },
    "fista_tv_scenario_iii": {
      "psnr_mean": 26.214131115906277,
      "psnr_std": 2.279550112022254,
      "ssim_mean": 0.7589557776838969,
      "ssim_std": 0.035910427841978274
    },
    "ista_net_scenario_i": {
      "psnr_mean": 31.850145854536752,
      "psnr_std": 3.110447781030572,
      "ssim_mean": 0.9160552785062741,
      "ssim_std": 0.02759924937100858
    },
    "ista_net_scenario_ii": {
      "psnr_mean": 19.021462649031257,
      "psnr_std": 0.6068284899530203,
      "ssim_mean": 0.5836602508911366,
      "ssim_std": 0.07726734793639824
    },
    "ista_net_scenario_iii": {
      "psnr_mean": 27.448322154067196,
      "psnr_std": 1.317783498135557,
      "ssim_mean": 0.7599231521611945,
      "ssim_std": 0.056490492374892606
    },
    "hatnet_scenario_i": {
      "psnr_mean": 30.981391324192167,
      "psnr_std": 0.9527346717624363,
      "ssim_mean": 0.8470904506875044,
      "ssim_std": 0.0491735498290396
    },
    "hatnet_scenario_ii": {
      "psnr_mean": 19.401115786798094,
      "psnr_std": 0.5860621155450456,
      "ssim_mean": 0.6475081845666977,
      "ssim_std": 0.0909957490406375
    },
    "hatnet_scenario_iii": {
      "psnr_mean": 29.784212596071836,
      "psnr_std": 0.806056460039859,
      "ssim_mean": 0.8074120808356645,
      "ssim_std": 0.06009646249570802
    }
  },
  "parameters": {
    "gain_alpha": 0.0015,
    "sigma_y": 0.03,
    "fista_lam": 0.005,
    "fista_iters": 500,
    "gain_alpha_h": 0.0015,
    "gain_alpha_w": 0.0015,
    "sigma_y_hat": 0.04,
    "num_images": 11
  }
}