{
  "w1_psnr": 9.45324843623335,
  "w1_ssim": 0.29285636817531824,
  "w1_nrmse": 0.3367732423470287,
  "w2_nll_before": 5798004.250228613,
  "w2_nll_after": 5833.954549943722,
  "w2_nll_decrease_pct": 99.89937995389165,
  "w2_psnr_corrected": 9.55375180148739,
  "w2_ssim_corrected": 0.303616188934098
}