{
  "w1_psnr": 20.674860827483386,
  "w1_ssim": 0.8778716058542542,
  "w1_nrmse": 0.1001476277524391,
  "w2_nll_before": 54855769425.47261,
  "w2_nll_after": 2048.161917320436,
  "w2_nll_decrease_pct": 99.99999626627802,
  "w2_psnr_corrected": 20.676251897534307
}