{
  "w1_psnr": 8.256104694949792,
  "w1_ssim": 0.4151615869950368,
  "w1_nrmse": 0.41838728056154567,
  "w2_nll_before": 259080.3966557484,
  "w2_nll_after": 32.050604540455105,
  "w2_nll_decrease_pct": 99.98762908928882,
  "w2_psnr_corrected": 8.300908637027693
}