{
  "w1_psnr": 10.651471987004344,
  "w1_ssim": 0.6226534806075471,
  "w1_nrmse": 0.3175485313046721,
  "w2_nll_before": 491823638.70935065,
  "w2_nll_after": 9708.82814891214,
  "w2_nll_decrease_pct": 99.9980259533327,
  "w2_psnr_corrected": 10.653307173665635
}