{
  "w1_psnr": 24.986772218850383,
  "w1_ssim": 0.8414485598794853,
  "w1_nrmse": 0.060241811367704255,
  "w2_nll_before": 9063.425364101067,
  "w2_nll_after": 8192.754912006007,
  "w2_nll_decrease_pct": 9.606417189064762,
  "w2_psnr_corrected": 25.1201241348293
}