{
  "description": "CASSI Noise Sensitivity Analysis - Scene01",
  "no_noise_psnr_db": 20.04287291870761,
  "current_model_psnr_db": 11.18108558672376,
  "noise_impact_db": 8.861787331983848,
  "recommendation": {
    "poisson_gain": 10000.0,
    "gaussian_sigma": 1.0,
    "expected_psnr_db": 18.211065156669843,
    "expected_gain_db": 7.029979569946082
  },
  "all_scenarios": {
    "No noise": {
      "poisson_gain": 1000000000.0,
      "gaussian_sigma": 0.0,
      "snr_db": 3.6236886978149414,
      "psnr_db": 20.04287291870761,
      "ssim": 0.5685344281428086,
      "sam_deg": 20.101123809814453,
      "description": "Perfect measurement (theoretical upper bound)"
    },
    "Very low noise": {
      "poisson_gain": 100000.0,
      "gaussian_sigma": 0.1,
      "snr_db": 24.891260147094727,
      "psnr_db": 25.633186083051257,
      "ssim": 0.5957488527658327,
      "sam_deg": 27.962207794189453,
      "description": "High SNR (ideal lab conditions)"
    },
    "Low noise": {
      "poisson_gain": 50000.0,
      "gaussian_sigma": 0.5,
      "snr_db": 11.56302547454834,
      "psnr_db": 20.633437852295664,
      "ssim": 0.29514897512726773,
      "sam_deg": 44.57597351074219,
      "description": "High SNR (good camera)"
    },
    "Medium noise": {
      "poisson_gain": 10000.0,
      "gaussian_sigma": 1.0,
      "snr_db": 6.03926420211792,
      "psnr_db": 18.211065156669843,
      "ssim": 0.18337867084051254,
      "sam_deg": 50.511512756347656,
      "description": "Medium SNR (typical camera)"
    },
    "Medium-High noise": {
      "poisson_gain": 5000.0,
      "gaussian_sigma": 2.0,
      "snr_db": 0.662151575088501,
      "psnr_db": 15.400096587475225,
      "ssim": 0.09640494997360603,
      "sam_deg": 55.39810562133789,
      "description": "Lower SNR"
    },
    "High noise": {
      "poisson_gain": 2000.0,
      "gaussian_sigma": 3.0,
      "snr_db": -2.4569153785705566,
      "psnr_db": 13.54881331450189,
      "ssim": 0.05984630334880653,
      "sam_deg": 57.24041748046875,
      "description": "Low SNR (current baseline)"
    },
    "Very high noise (current)": {
      "poisson_gain": 1000.0,
      "gaussian_sigma": 5.0,
      "snr_db": -5.987427711486816,
      "psnr_db": 11.18108558672376,
      "ssim": 0.030613984729887345,
      "sam_deg": 58.13812255859375,
      "description": "Very low SNR (aggressive model)"
    }
  }
}