{
  "summary": {
    "num_scenes": 10,
    "total_time_hours": 1.162255654864841,
    "avg_time_per_scene": 418.4120357513428,
    "psnr": {
      "ideal": {
        "mean": 40.03015103073993,
        "std": 0.00462473927000942
      },
      "assumed": {
        "mean": 23.433589274624136,
        "std": 0.004452316515374422
      },
      "corrected": {
        "mean": 28.49583397181169,
        "std": 0.005306331339128625
      }
    },
    "gap_i_ii": {
      "mean": 16.59656175611579,
      "std": 0.0045774822804392525
    },
    "gain_ii_iii": {
      "mean": 5.06224469718755,
      "std": 0.004684850488054884
    },
    "gap_iii_i": {
      "mean": 11.534317058928242,
      "std": 0.007284065373886235
    }
  },
  "per_scene": [
    {
      "scene_idx": 1,
      "scene_i": {
        "psnr": 40.026058822168274,
        "ssim": 1.0017315651983767,
        "sam": 1.2164110107044708
      },
      "scene_ii": {
        "psnr": 23.43273223486395,
        "ssim": 0.9731513754585039,
        "sam": 6.618598359746264
      },
      "scene_iii": {
        "psnr": 28.496995347507212,
        "ssim": 0.9932486871886899,
        "sam": 3.805776238642626,
        "mismatch_alg1": "MismatchParameters(dx=0.750, dy=-0.250, \u03b8=-1.100\u00b0, a1=1.9750, \u03b1=-1.000\u00b0)",
        "mismatch_alg2": "MismatchParameters(dx=0.000, dy=0.000, \u03b8=0.000\u00b0, a1=2.0000, \u03b1=0.000\u00b0)"
      },
      "elapsed_time": 508.1132481098175,
      "gap_i_ii": 16.593326587304325,
      "gain_ii_iii": 5.064263112643264,
      "gap_iii_i": 11.529063474661061
    },
    {
      "scene_idx": 2,
      "scene_i": {
        "psnr": 40.03324881829697,
        "ssim": 1.0017387924690506,
        "sam": 1.21557400587597
      },
      "scene_ii": {
        "psnr": 23.4356109557923,
        "ssim": 0.9729483889664003,
        "sam": 6.6127422465629335
      },
      "scene_iii": {
        "psnr": 28.50139571491493,
        "ssim": 0.993194806136531,
        "sam": 3.8030510543139875,
        "mismatch_alg1": "MismatchParameters(dx=0.500, dy=-3.000, \u03b8=-0.100\u00b0, a1=2.0000, \u03b1=-0.667\u00b0)",
        "mismatch_alg2": "MismatchParameters(dx=0.000, dy=0.000, \u03b8=0.000\u00b0, a1=2.0000, \u03b1=0.000\u00b0)"
      },
      "elapsed_time": 460.4008433818817,
      "gap_i_ii": 16.59763786250467,
      "gain_ii_iii": 5.065784759122632,
      "gap_iii_i": 11.531853103382037
    },
    {
      "scene_idx": 3,
      "scene_i": {
        "psnr": 40.021739372558784,
        "ssim": 1.001738892029502,
        "sam": 1.2168123851593449
      },
      "scene_ii": {
        "psnr": 23.431497631896505,
        "ssim": 0.9731020814035021,
        "sam": 6.613440965542909
      },
      "scene_iii": {
        "psnr": 28.50187197747394,
        "ssim": 0.9932366703527791,
        "sam": 3.801799428153187,
        "mismatch_alg1": "MismatchParameters(dx=2.250, dy=2.250, \u03b8=0.433\u00b0, a1=2.0000, \u03b1=1.000\u00b0)",
        "mismatch_alg2": "MismatchParameters(dx=0.000, dy=0.000, \u03b8=0.000\u00b0, a1=2.0000, \u03b1=0.000\u00b0)"
      },
      "elapsed_time": 400.4229769706726,
      "gap_i_ii": 16.59024174066228,
      "gain_ii_iii": 5.070374345577434,
      "gap_iii_i": 11.519867395084844
    },
    {
      "scene_idx": 4,
      "scene_i": {
        "psnr": 40.03148272070425,
        "ssim": 1.0017379174926562,
        "sam": 1.215194308199146
      },
      "scene_ii": {
        "psnr": 23.43149917483061,
        "ssim": 0.9730243145746329,
        "sam": 6.616550416100384
      },
      "scene_iii": {
        "psnr": 28.490338592835045,
        "ssim": 0.99321273359301,
        "sam": 3.8048577235505094,
        "mismatch_alg1": "MismatchParameters(dx=0.000, dy=3.250, \u03b8=1.100\u00b0, a1=1.9750, \u03b1=0.333\u00b0)",
        "mismatch_alg2": "MismatchParameters(dx=0.000, dy=0.000, \u03b8=0.000\u00b0, a1=2.0000, \u03b1=0.000\u00b0)"
      },
      "elapsed_time": 399.21778440475464,
      "gap_i_ii": 16.599983545873638,
      "gain_ii_iii": 5.058839418004435,
      "gap_iii_i": 11.541144127869202
    },
    {
      "scene_idx": 5,
      "scene_i": {
        "psnr": 40.02660327639006,
        "ssim": 1.0017285553412971,
        "sam": 1.215828216579661
      },
      "scene_ii": {
        "psnr": 23.436323410833335,
        "ssim": 0.9730237565420674,
        "sam": 6.610899886371518
      },
      "scene_iii": {
        "psnr": 28.496265296086676,
        "ssim": 0.9932200920793021,
        "sam": 3.804394234181594,
        "mismatch_alg1": "MismatchParameters(dx=-2.000, dy=-2.250, \u03b8=1.050\u00b0, a1=1.9500, \u03b1=0.333\u00b0)",
        "mismatch_alg2": "MismatchParameters(dx=0.000, dy=0.000, \u03b8=0.000\u00b0, a1=2.0000, \u03b1=0.000\u00b0)"
      },
      "elapsed_time": 396.8072736263275,
      "gap_i_ii": 16.590279865556727,
      "gain_ii_iii": 5.059941885253341,
      "gap_iii_i": 11.530337980303386
    },
    {
      "scene_idx": 6,
      "scene_i": {
        "psnr": 40.027219052392276,
        "ssim": 1.0017440793829928,
        "sam": 1.2160530761882555
      },
      "scene_ii": {
        "psnr": 23.432685772839847,
        "ssim": 0.9729166700104713,
        "sam": 6.613680205232598
      },
      "scene_iii": {
        "psnr": 28.493953573448024,
        "ssim": 0.9931437254670926,
        "sam": 3.802415778219689,
        "mismatch_alg1": "MismatchParameters(dx=0.000, dy=0.500, \u03b8=0.717\u00b0, a1=1.9750, \u03b1=-0.333\u00b0)",
        "mismatch_alg2": "MismatchParameters(dx=0.000, dy=0.000, \u03b8=0.000\u00b0, a1=2.0000, \u03b1=0.000\u00b0)"
      },
      "elapsed_time": 399.61911058425903,
      "gap_i_ii": 16.59453327955243,
      "gain_ii_iii": 5.061267800608178,
      "gap_iii_i": 11.533265478944251
    },
    {
      "scene_idx": 7,
      "scene_i": {
        "psnr": 40.03450546489087,
        "ssim": 1.0017299251328615,
        "sam": 1.2155185872233882
      },
      "scene_ii": {
        "psnr": 23.43523501755459,
        "ssim": 0.973110962996279,
        "sam": 6.618713113525763
      },
      "scene_iii": {
        "psnr": 28.487767282897522,
        "ssim": 0.9931462673044991,
        "sam": 3.81131372847574,
        "mismatch_alg1": "MismatchParameters(dx=2.750, dy=-0.500, \u03b8=0.100\u00b0, a1=2.0000, \u03b1=0.667\u00b0)",
        "mismatch_alg2": "MismatchParameters(dx=0.000, dy=0.000, \u03b8=0.000\u00b0, a1=2.0000, \u03b1=0.000\u00b0)"
      },
      "elapsed_time": 399.0662410259247,
      "gap_i_ii": 16.59927044733628,
      "gain_ii_iii": 5.052532265342933,
      "gap_iii_i": 11.546738181993348
    },
    {
      "scene_idx": 8,
      "scene_i": {
        "psnr": 40.03518688316183,
        "ssim": 1.0017426027885885,
        "sam": 1.2157344576701503
      },
      "scene_ii": {
        "psnr": 23.43301713537542,
        "ssim": 0.9728796380188869,
        "sam": 6.6183861647442015
      },
      "scene_iii": {
        "psnr": 28.493429388305277,
        "ssim": 0.9931481825585431,
        "sam": 3.808040697319435,
        "mismatch_alg1": "MismatchParameters(dx=-2.250, dy=-3.500, \u03b8=-0.950\u00b0, a1=2.0500, \u03b1=0.000\u00b0)",
        "mismatch_alg2": "MismatchParameters(dx=0.000, dy=0.000, \u03b8=0.000\u00b0, a1=2.0000, \u03b1=0.000\u00b0)"
      },
      "elapsed_time": 394.31162905693054,
      "gap_i_ii": 16.60216974778641,
      "gain_ii_iii": 5.060412252929858,
      "gap_iii_i": 11.541757494856551
    },
    {
      "scene_idx": 9,
      "scene_i": {
        "psnr": 40.03698581337911,
        "ssim": 1.0017380652135732,
        "sam": 1.2153887468375173
      },
      "scene_ii": {
        "psnr": 23.44295516440276,
        "ssim": 0.9729935100677789,
        "sam": 6.618350164720904
      },
      "scene_iii": {
        "psnr": 28.505133537186257,
        "ssim": 0.993257559324537,
        "sam": 3.805576739260462,
        "mismatch_alg1": "MismatchParameters(dx=-1.500, dy=0.500, \u03b8=0.000\u00b0, a1=2.0000, \u03b1=0.667\u00b0)",