{
  "summary": {
    "num_scenes": 10,
    "total_time_hours": 0.10757273409101697,
    "avg_time_per_scene": 38.72618427276611,
    "psnr": {
      "ideal": {
        "mean": 40.02759925806669,
        "std": 0.0037767581987688302
      },
      "assumed": {
        "mean": 23.434570177133693,
        "std": 0.005177009717274143
      },
      "corrected": {
        "mean": 28.493579810543725,
        "std": 0.003959851228495222
      }
    },
    "gap_i_ii": {
      "mean": 16.593029080933,
      "std": 0.007042875085883695
    },
    "gain_ii_iii": {
      "mean": 5.059009633410032,
      "std": 0.004495917718122959
    },
    "gap_iii_i": {
      "mean": 11.534019447522965,
      "std": 0.005350311603183795
    }
  },
  "per_scene": [
    {
      "scene_idx": 1,
      "scene_i": {
        "psnr": 40.030340989791625,
        "ssim": 1.0017355721078278,
        "sam": 1.2152869816272662
      },
      "scene_ii": {
        "psnr": 23.435869443410503,
        "ssim": 0.9729994570850391,
        "sam": 6.609238535480956
      },
      "scene_iii": {
        "psnr": 28.493761528729106,
        "ssim": 0.9931218360105578,
        "sam": 3.803259573551127,
        "mismatch_alg1": "MismatchParameters(dx=0.500, dy=-1.250, \u03b8=1.100\u00b0, a1=1.9750, \u03b1=-0.333\u00b0)",
        "mismatch_alg2": "MismatchParameters(dx=0.500, dy=-1.250, \u03b8=1.100\u00b0, a1=1.9750, \u03b1=-0.333\u00b0)"
      },
      "elapsed_time": 39.302205324172974,
      "gap_i_ii": 16.594471546381122,
      "gain_ii_iii": 5.057892085318603,
      "gap_iii_i": 11.53657946106252
    },
    {
      "scene_idx": 2,
      "scene_i": {
        "psnr": 40.02807484035987,
        "ssim": 1.0017397379911879,
        "sam": 1.2157946097636727
      },
      "scene_ii": {
        "psnr": 23.43361657045801,
        "ssim": 0.9728766919810894,
        "sam": 6.612890335372485
      },
      "scene_iii": {
        "psnr": 28.48662126534203,
        "ssim": 0.9931622757679479,
        "sam": 3.807249546649726,
        "mismatch_alg1": "MismatchParameters(dx=-3.500, dy=0.750, \u03b8=0.567\u00b0, a1=2.0250, \u03b1=0.000\u00b0)",
        "mismatch_alg2": "MismatchParameters(dx=-3.500, dy=0.750, \u03b8=0.567\u00b0, a1=2.0250, \u03b1=0.000\u00b0)"
      },
      "elapsed_time": 38.016355991363525,
      "gap_i_ii": 16.59445826990186,
      "gain_ii_iii": 5.05300469488402,
      "gap_iii_i": 11.54145357501784
    },
    {
      "scene_idx": 3,
      "scene_i": {
        "psnr": 40.02995183810662,
        "ssim": 1.0017393568097206,
        "sam": 1.2160575680581798
      },
      "scene_ii": {
        "psnr": 23.43558072869275,
        "ssim": 0.9729734765121012,
        "sam": 6.618321875358788
      },
      "scene_iii": {
        "psnr": 28.49920250638155,
        "ssim": 0.9931453973299164,
        "sam": 3.803967260923956,
        "mismatch_alg1": "MismatchParameters(dx=3.250, dy=-1.250, \u03b8=-0.433\u00b0, a1=1.9750, \u03b1=0.000\u00b0)",
        "mismatch_alg2": "MismatchParameters(dx=3.250, dy=-1.250, \u03b8=-0.433\u00b0, a1=1.9750, \u03b1=0.000\u00b0)"
      },
      "elapsed_time": 37.70002102851868,
      "gap_i_ii": 16.59437110941387,
      "gain_ii_iii": 5.063621777688802,
      "gap_iii_i": 11.530749331725069
    },
    {
      "scene_idx": 4,
      "scene_i": {
        "psnr": 40.025948996864116,
        "ssim": 1.0017490932227566,
        "sam": 1.2163450616315201
      },
      "scene_ii": {
        "psnr": 23.432791633572087,
        "ssim": 0.9729994138157521,
        "sam": 6.609521315790963
      },
      "scene_iii": {
        "psnr": 28.49073240480773,
        "ssim": 0.993291752683761,
        "sam": 3.807875734155436,
        "mismatch_alg1": "MismatchParameters(dx=-0.750, dy=-3.250, \u03b8=-0.283\u00b0, a1=2.0000, \u03b1=-1.000\u00b0)",
        "mismatch_alg2": "MismatchParameters(dx=-0.750, dy=-3.250, \u03b8=-0.283\u00b0, a1=2.0000, \u03b1=-1.000\u00b0)"
      },
      "elapsed_time": 38.1492395401001,
      "gap_i_ii": 16.59315736329203,
      "gain_ii_iii": 5.057940771235643,
      "gap_iii_i": 11.535216592056386
    },
    {
      "scene_idx": 5,
      "scene_i": {
        "psnr": 40.02089111670978,
        "ssim": 1.0017275048138843,
        "sam": 1.2163975527307402
      },
      "scene_ii": {
        "psnr": 23.43390903122057,
        "ssim": 0.9729230334773424,
        "sam": 6.611575888877305
      },
      "scene_iii": {
        "psnr": 28.490367656948727,
        "ssim": 0.9932541367091715,
        "sam": 3.8067675613677143,
        "mismatch_alg1": "MismatchParameters(dx=-2.500, dy=0.000, \u03b8=0.283\u00b0, a1=2.0250, \u03b1=-0.333\u00b0)",
        "mismatch_alg2": "MismatchParameters(dx=-2.500, dy=0.000, \u03b8=0.283\u00b0, a1=2.0250, \u03b1=-0.333\u00b0)"
      },
      "elapsed_time": 41.49803423881531,
      "gap_i_ii": 16.586982085489208,
      "gain_ii_iii": 5.056458625728158,
      "gap_iii_i": 11.53052345976105
    },
    {
      "scene_idx": 6,
      "scene_i": {
        "psnr": 40.03173288544967,
        "ssim": 1.001733965300621,
        "sam": 1.2151823405837834
      },
      "scene_ii": {
        "psnr": 23.42445115704639,
        "ssim": 0.9728223070744955,
        "sam": 6.619173407071651
      },
      "scene_iii": {
        "psnr": 28.4933562338826,
        "ssim": 0.9932248009579948,
        "sam": 3.803445472871599,
        "mismatch_alg1": "MismatchParameters(dx=0.500, dy=1.750, \u03b8=0.050\u00b0, a1=2.0500, \u03b1=0.667\u00b0)",
        "mismatch_alg2": "MismatchParameters(dx=0.500, dy=1.750, \u03b8=0.050\u00b0, a1=2.0500, \u03b1=0.667\u00b0)"
      },
      "elapsed_time": 38.34126925468445,
      "gap_i_ii": 16.60728172840328,
      "gain_ii_iii": 5.068905076836209,
      "gap_iii_i": 11.53837665156707
    },
    {
      "scene_idx": 7,
      "scene_i": {
        "psnr": 40.02252855642931,
        "ssim": 1.0017345283098702,
        "sam": 1.2165965307189832
      },
      "scene_ii": {
        "psnr": 23.433819996762505,
        "ssim": 0.97277112783952,
        "sam": 6.609146871469787
      },
      "scene_iii": {
        "psnr": 28.494919780556906,
        "ssim": 0.993208470016095,
        "sam": 3.8045440122379226,
        "mismatch_alg1": "MismatchParameters(dx=-1.000, dy=2.750, \u03b8=0.000\u00b0, a1=2.0500, \u03b1=0.333\u00b0)",
        "mismatch_alg2": "MismatchParameters(dx=-1.000, dy=2.750, \u03b8=0.000\u00b0, a1=2.0500, \u03b1=0.333\u00b0)"
      },
      "elapsed_time": 38.5026478767395,
      "gap_i_ii": 16.588708559666802,
      "gain_ii_iii": 5.0610997837944005,
      "gap_iii_i": 11.527608775872402
    },
    {
      "scene_idx": 8,
      "scene_i": {
        "psnr": 40.03311628928043,
        "ssim": 1.0017300030576823,
        "sam": 1.215562595413298
      },
      "scene_ii": {
        "psnr": 23.437758113943417,
        "ssim": 0.9728287622107155,
        "sam": 6.613939660982073
      },
      "scene_iii": {
        "psnr": 28.4934127489727,
        "ssim": 0.9931483367595951,
        "sam": 3.8046898713868393,
        "mismatch_alg1": "MismatchParameters(dx=-2.500, dy=-3.250, \u03b8=-0.767\u00b0, a1=1.9750, \u03b1=0.667\u00b0)",
        "mismatch_alg2": "MismatchParameters(dx=-2.500, dy=-3.250, \u03b8=-0.767\u00b0, a1=1.9750, \u03b1=0.667\u00b0)"
      },
      "elapsed_time": 38.870489835739136,
      "gap_i_ii": 16.59535817533701,
      "gain_ii_iii": 5.055654635029281,
      "gap_iii_i": 11.53970354030773
    },
    {
      "scene_idx": 9,
      "scene_i": {
        "psnr": 40.02854709432856,
        "ssim": 1.0017384453347662,
        "sam": 1.2155694237497046
      },
      "scene_ii": {
        "psnr": 23.431561179434794,
        "ssim": 0.9732176783218538,
        "sam": 6.613132530002799
      },
      "scene_iii": {
        "psnr": 28.49242159510096,
        "ssim": 0.9931475926874656,
        "sam": 3.802636066694903,
        "mismatch_alg1": "MismatchParameters(dx=2.750, dy=3.000, \u03b8=1.050\u00b0, a1=2.0500, \u03b1=0.000\u00b0)",