{
  "w1_psnr": 21.834750019120467,
  "w1_ssim": 0.9272177543246152,
  "w1_nrmse": 0.08762866730758614,
  "w2_nll_before": 48749.54078723674,
  "w2_nll_after": 2048.084756929751,
  "w2_nll_decrease_pct": 95.79876092398808,
  "w2_psnr_corrected": 22.022692414419495
}