{
  "w1_psnr": 8.827759941581999,
  "w1_ssim": 0.0038859091323641083,
  "w1_nrmse": 0.3917380080906647,
  "w2_nll_before": 4331.568641701917,
  "w2_nll_after": 2048.089725476659,
  "w2_nll_decrease_pct": 52.71713564091311,
  "w2_psnr_corrected": 7.313794414325687
}