{
  "w1_psnr": 10.520808660805676,
  "w1_ssim": 0.002992008596146558,
  "w1_nrmse": 0.32236157926278197,
  "w2_nll_before": 2048.089725476659,
  "w2_nll_after": 2048.089725476659,
  "w2_nll_decrease_pct": 0.0,
  "w2_psnr_corrected": 10.586445867655058
}