{
  "w1_psnr": -3.266409177447306,
  "w1_ssim": 0.008665287118063006,
  "w1_nrmse": 1.618394823666486,
  "w2_nll_before": 1249775.7234833087,
  "w2_nll_after": 15758.800171018813,
  "w2_nll_decrease_pct": 98.73906974868285,
  "w2_psnr_corrected": -4.002278593611899,
  "w2_ssim_corrected": 0.006549810242465716
}