{
  "w1_psnr": 13.023410628491849,
  "w1_ssim": 0.38737850277603053,
  "w1_nrmse": 0.2416646770570529,
  "w2_nll_before": 9326.52493792124,
  "w2_nll_after": 2048.4328589346096,
  "w2_nll_decrease_pct": 78.03648333576236,
  "w2_psnr_corrected": 13.006416591310648
}