{
  "w1_psnr": 11.765182706274906,
  "w1_ssim": 0.13357463359814523,
  "w1_nrmse": 0.2793344965735037,
  "w2_nll_before": 2734.9617818497472,
  "w2_nll_after": 1992.8452821564986,
  "w2_nll_decrease_pct": 27.134437658990972,
  "w2_psnr_corrected": 11.780629149172977
}