{
  "w1_psnr": 10.537718412681322,
  "w1_ssim": -0.015721691893236002,
  "w1_nrmse": 0.3217346139302235,
  "w2_nll_before": 3046.612526481341,
  "w2_nll_after": 2048.021099804769,
  "w2_nll_decrease_pct": 32.777106310590995,
  "w2_psnr_corrected": 10.227692498098069
}