{
  "w1_psnr": 10.644230769396295,
  "w1_ssim": 0.6227107873036327,
  "w1_nrmse": 0.31781337427087253,
  "w2_nll_before": 78186639.13802938,
  "w2_nll_after": 1024.1004170602093,
  "w2_nll_decrease_pct": 99.99869018488535,
  "w2_psnr_corrected": 10.641922013047221
}