{
  "w1_psnr": 26.333906204238936,
  "w1_ssim": 0.9527194163421276,
  "w1_nrmse": 0.05094228569547885,
  "w2_nll_before": 2682.0850893694865,
  "w2_nll_after": 2048.1144849485163,
  "w2_nll_decrease_pct": 23.637229368066244,
  "w2_psnr_corrected": 25.551224450114006,
  "w2_ssim_corrected": 0.9434095294500007
}