{
  "w1_psnr": 25.09156334204701,
  "w1_ssim": 0.9378103350283226,
  "w1_nrmse": 0.0591104197872369,
  "w2_nll_before": 2115.052007593459,
  "w2_nll_after": 2048.16524488768,
  "w2_nll_decrease_pct": 3.162416927131932,
  "w2_psnr_corrected": 25.54583175734284
}