{
  "w1_psnr": 7.37517602921928,
  "w1_ssim": -0.5592300346916397,
  "w1_nrmse": 0.46304682032525796,
  "w2_nll_before": 19735511206.146122,
  "w2_nll_after": 5761.071403856366,
  "w2_nll_decrease_pct": 99.99997080860311,
  "w2_psnr_corrected": 10.06191559446098
}