{
  "w1_psnr": 72.28315276346963,
  "w1_ssim": 0.9999994043075768,
  "w1_nrmse": 0.0002631637519820509,
  "w2_nll_before": 8732844959.765493,
  "w2_nll_after": 2048.156567199474,
  "w2_nll_decrease_pct": 99.99997654651403,
  "w2_psnr_corrected": 10.06191559446098
}