{
  "w1_psnr": 17.432667290768336,
  "w1_ssim": 0.39993004622060413,
  "w1_nrmse": 0.14932211272141385,
  "w2_nll_before": 2317467.2374207475,
  "w2_nll_after": 1997.0211338428173,
  "w2_nll_decrease_pct": 99.91382742756417,
  "w2_psnr_corrected": 17.35995632837549,
  "w2_ssim_corrected": 0.38907740116408146
}