{
  "w1_psnr": 9.851275336935478,
  "w1_ssim": -0.003236297022038243,
  "w1_nrmse": 0.34819292385265493,
  "w2_nll_before": 78.49845434301518,
  "w2_nll_after": 32.000391303002566,
  "w2_nll_decrease_pct": 59.2343676435069,
  "w2_psnr_corrected": 9.838887661111164
}