{
  "w1_psnr": 24.780919784334905,
  "w1_ssim": 0.9634158703225658,
  "w1_nrmse": 0.06214693313780152,
  "w2_nll_before": 3796.8879586807484,
  "w2_nll_after": 2048.1690928268163,
  "w2_nll_decrease_pct": 46.05663598410564,
  "w2_psnr_corrected": 25.162775230428064
}