{
  "w1_psnr": 1.8581961141471761,
  "w1_ssim": -0.009387776920291606,
  "w1_nrmse": 0.8739244745172549,
  "w2_nll_before": 42064325334.00425,
  "w2_nll_after": 2048.101640610663,
  "w2_nll_decrease_pct": 99.99999513102463,
  "w2_psnr_corrected": 1.8580971808273343
}