{
  "w1_psnr": 11.827161418374468,
  "w1_ssim": 0.17273206152632203,
  "w1_nrmse": 0.27734838214455876,
  "w2_nll_before": 2492.4304820555194,
  "w2_nll_after": 2048.055235987304,
  "w2_nll_decrease_pct": 17.828992594478976,
  "w2_psnr_corrected": 11.937827783808935
}