{
  "w1_psnr": 9.77553380914053,
  "w1_ssim": 0.11178388310578888,
  "w1_nrmse": 0.36056812488197354,
  "w2_nll_before": 1249775.7234833087,
  "w2_nll_after": 15758.800171018813,
  "w2_nll_decrease_pct": 98.73906974868285,
  "w2_psnr_corrected": 9.712984086532892,
  "w2_ssim_corrected": 0.11108592969250547
}