{
  "w1_psnr": 11.813688393336621,
  "w1_ssim": 0.180679720016366,
  "w1_nrmse": 0.277778921955642,
  "w2_nll_before": 545472.6725300283,
  "w2_nll_after": 1997.0211338428173,
  "w2_nll_decrease_pct": 99.63389162566475,
  "w2_psnr_corrected": 21.101604246312977
}