{
  "w1_psnr": 16.17465586262671,
  "w1_ssim": 0.8248464852222286,
  "w1_nrmse": 0.16813220732097992,
  "w2_nll_before": 9256.085369479471,
  "w2_nll_after": 2048.025002242768,
  "w2_nll_decrease_pct": 77.87374553614404,
  "w2_psnr_corrected": 16.370329460504966
}