{
  "w1_psnr": 23.34053252256748,
  "w1_ssim": 0.9334595906596928,
  "w1_nrmse": 0.0718702001791126,
  "w2_nll_before": 63265.62693299714,
  "w2_nll_after": 2048.2452857958165,
  "w2_nll_decrease_pct": 96.7624674169987,
  "w2_psnr_corrected": 23.30446539827793
}