{
  "w1_psnr": 23.65596372995298,
  "w1_ssim": 0.9569839232457779,
  "w1_nrmse": 0.07105350748030975,
  "w2_nll_before": 45416.9251948295,
  "w2_nll_after": 2048.1505196113735,
  "w2_nll_decrease_pct": 95.49033645314996,
  "w2_psnr_corrected": 30.644869453965704
}