{
  "w1_psnr": 13.996010952220095,
  "w1_ssim": 0.47593661814686417,
  "w1_nrmse": 0.21606437224597408,
  "w2_nll_before": 13147.723479589355,
  "w2_nll_after": 2048.0062622993105,
  "w2_nll_decrease_pct": 84.423111229266,
  "w2_psnr_corrected": 11.869819527373869
}