{
  "w1_psnr": 25.09156334204701,
  "w1_ssim": 0.9378103350283226,
  "w1_nrmse": 0.0591104197872369,
  "w2_nll_before": 2320.550083500824,
  "w2_nll_after": 2048.2771495665056,
  "w2_nll_decrease_pct": 11.733120343757555,
  "w2_psnr_corrected": 25.468076815919197
}