{
  "w1_psnr": 12.992083518040886,
  "w1_ssim": 0.38591136157028366,
  "w1_nrmse": 0.24253785472698836,
  "w2_nll_before": 499660.8585256032,
  "w2_nll_after": 2048.7559714536,
  "w2_nll_decrease_pct": 99.58997068981968,
  "w2_psnr_corrected": 12.984229755034878
}