{
  "w1_psnr": 13.544833261200822,
  "w1_ssim": 0.4599964599969238,
  "w1_nrmse": 0.22658128102990785,
  "w2_nll_before": 8036.804204090885,
  "w2_nll_after": 2048.263361487058,
  "w2_nll_decrease_pct": 74.51395717162733,
  "w2_psnr_corrected": 13.555986696607064
}