{
  "w1_psnr": 16.17465586262671,
  "w1_ssim": 0.8248464852222286,
  "w1_nrmse": 0.16813220732097992,
  "w2_nll_before": 9083.011128252572,
  "w2_nll_after": 2048.269773005395,
  "w2_nll_decrease_pct": 77.44944111502535,
  "w2_psnr_corrected": 13.757274405333565
}