{
  "w1_psnr": 30.195204057610226,
  "w1_ssim": 0.9069811636646294,
  "w1_nrmse": 0.03108777143517156,
  "w2_nll_before": 377.51082553149007,
  "w2_nll_after": 40.06996106830257,
  "w2_nll_decrease_pct": 89.38574516058188,
  "w2_psnr_corrected": 41.350680296044125,
  "w2_ssim_corrected": 0.9939420228422866
}