{
  "spc": {
    "modality": "spc",
    "solver": "pnp_fista_drunet",
    "per_rate": {
      "10pct": {
        "avg_psnr": 17.452052305957565,
        "use_drunet": true
      },
      "25pct": {
        "avg_psnr": 32.16558329064349,
        "use_drunet": true
      }
    },
    "per_algorithm": {
      "admm_tv": {
        "10pct": 19.99065586631362,
        "25pct": 28.422013915854027
      },
      "lista": {
        "10pct": 15.752186107877812,
        "25pct": 14.210995366687667
      }
    }
  }
}