{
  "w1_psnr": 45.951957668105635,
  "w1_ssim": 0.9997447072670549,
  "w1_nrmse": 0.005454887827980211,
  "w2_nll_before": 336447955.7026454,
  "w2_nll_after": 9708.828148912173,
  "w2_nll_decrease_pct": 99.99711431501237,
  "w2_psnr_corrected": 45.96350642271513
}