{
  "w1_psnr": 54.08612988150882,
  "w1_ssim": 0.999960792681437,
  "w1_nrmse": 0.0021383422339419592,
  "w2_nll_before": 5146968.134641732,
  "w2_nll_after": 2048.089725476663,
  "w2_nll_decrease_pct": 99.96020784135631,
  "w2_psnr_corrected": 56.3578841934396
}